File,JobIterations,QPS,Burst,PostgresDeploy,App,PostgresService,50th,99th,Max,Avg
kubelet-density-heavy_jobIterations1_qps100_burst100_postgres-deploy1_app1_postgres-service1_12.log,1,100,100,1,1,1,NA,17500,33000,17500
kubelet-density-heavy_jobIterations1_qps100_burst100_postgres-deploy1_app1_postgres-service1_18.log,1,100,100,1,1,1,NA,17000,32000,17000
kubelet-density-heavy_jobIterations1_qps100_burst100_postgres-deploy1_app1_postgres-service1_24.log,1,100,100,1,1,1,NA,17500,33000,17500
kubelet-density-heavy_jobIterations1_qps100_burst100_postgres-deploy1_app1_postgres-service1_30.log,1,100,100,1,1,1,NA,17000,32000,17000
kubelet-density-heavy_jobIterations1_qps100_burst100_postgres-deploy1_app1_postgres-service1_36.log,1,100,100,1,1,1,NA,17000,32000,17000
kubelet-density-heavy_jobIterations1_qps100_burst100_postgres-deploy1_app1_postgres-service1_6.log,1,100,100,1,1,1,NA,17500,33000,17500
kubelet-density-heavy_jobIterations1_qps10_burst10_postgres-deploy1_app1_postgres-service1_14.log,1,10,10,1,1,1,NA,16500,32000,16500
kubelet-density-heavy_jobIterations1_qps10_burst10_postgres-deploy1_app1_postgres-service1_2.log,1,10,10,1,1,1,NA,17000,32000,17000
kubelet-density-heavy_jobIterations1_qps10_burst10_postgres-deploy1_app1_postgres-service1_20.log,1,10,10,1,1,1,NA,17500,33000,17500
kubelet-density-heavy_jobIterations1_qps10_burst10_postgres-deploy1_app1_postgres-service1_26.log,1,10,10,1,1,1,NA,17500,33000,17500
kubelet-density-heavy_jobIterations1_qps10_burst10_postgres-deploy1_app1_postgres-service1_32.log,1,10,10,1,1,1,NA,16500,32000,16500
kubelet-density-heavy_jobIterations1_qps10_burst10_postgres-deploy1_app1_postgres-service1_8.log,1,10,10,1,1,1,NA,17500,33000,17500
kubelet-density-heavy_jobIterations1_qps1_burst1_postgres-deploy1_app1_postgres-service1_1.log,1,1,1,1,1,1,NA,26000,43000,26000
kubelet-density-heavy_jobIterations1_qps1_burst1_postgres-deploy1_app1_postgres-service1_13.log,1,1,1,1,1,1,NA,16500,32000,16500
kubelet-density-heavy_jobIterations1_qps1_burst1_postgres-deploy1_app1_postgres-service1_19.log,1,1,1,1,1,1,NA,16500,32000,16500
kubelet-density-heavy_jobIterations1_qps1_burst1_postgres-deploy1_app1_postgres-service1_25.log,1,1,1,1,1,1,NA,17500,33000,17500
kubelet-density-heavy_jobIterations1_qps1_burst1_postgres-deploy1_app1_postgres-service1_31.log,1,1,1,1,1,1,NA,16500,32000,16500
kubelet-density-heavy_jobIterations1_qps1_burst1_postgres-deploy1_app1_postgres-service1_7.log,1,1,1,1,1,1,NA,17500,33000,17500
kubelet-density-heavy_jobIterations1_qps25_burst25_postgres-deploy1_app1_postgres-service1_15.log,1,25,25,1,1,1,NA,16500,32000,16500
kubelet-density-heavy_jobIterations1_qps25_burst25_postgres-deploy1_app1_postgres-service1_21.log,1,25,25,1,1,1,NA,17500,33000,17500
kubelet-density-heavy_jobIterations1_qps25_burst25_postgres-deploy1_app1_postgres-service1_27.log,1,25,25,1,1,1,NA,16500,32000,16500
kubelet-density-heavy_jobIterations1_qps25_burst25_postgres-deploy1_app1_postgres-service1_3.log,1,25,25,1,1,1,NA,17500,33000,17500
kubelet-density-heavy_jobIterations1_qps25_burst25_postgres-deploy1_app1_postgres-service1_33.log,1,25,25,1,1,1,NA,16500,32000,16500
kubelet-density-heavy_jobIterations1_qps25_burst25_postgres-deploy1_app1_postgres-service1_9.log,1,25,25,1,1,1,NA,16500,32000,16500
kubelet-density-heavy_jobIterations1_qps50_burst50_postgres-deploy1_app1_postgres-service1_10.log,1,50,50,1,1,1,NA,16500,32000,16500
kubelet-density-heavy_jobIterations1_qps50_burst50_postgres-deploy1_app1_postgres-service1_16.log,1,50,50,1,1,1,NA,16500,32000,16500
kubelet-density-heavy_jobIterations1_qps50_burst50_postgres-deploy1_app1_postgres-service1_22.log,1,50,50,1,1,1,NA,16500,32000,16500
kubelet-density-heavy_jobIterations1_qps50_burst50_postgres-deploy1_app1_postgres-service1_28.log,1,50,50,1,1,1,NA,16500,32000,16500
kubelet-density-heavy_jobIterations1_qps50_burst50_postgres-deploy1_app1_postgres-service1_34.log,1,50,50,1,1,1,NA,16500,32000,16500
kubelet-density-heavy_jobIterations1_qps50_burst50_postgres-deploy1_app1_postgres-service1_4.log,1,50,50,1,1,1,NA,17500,33000,17500
kubelet-density-heavy_jobIterations1_qps75_burst75_postgres-deploy1_app1_postgres-service1_11.log,1,75,75,1,1,1,NA,16500,32000,16500
kubelet-density-heavy_jobIterations1_qps75_burst75_postgres-deploy1_app1_postgres-service1_17.log,1,75,75,1,1,1,NA,16500,32000,16500
kubelet-density-heavy_jobIterations1_qps75_burst75_postgres-deploy1_app1_postgres-service1_23.log,1,75,75,1,1,1,NA,17000,32000,17000
kubelet-density-heavy_jobIterations1_qps75_burst75_postgres-deploy1_app1_postgres-service1_29.log,1,75,75,1,1,1,NA,17000,32000,17000
kubelet-density-heavy_jobIterations1_qps75_burst75_postgres-deploy1_app1_postgres-service1_35.log,1,75,75,1,1,1,NA,16500,32000,16500
kubelet-density-heavy_jobIterations1_qps75_burst75_postgres-deploy1_app1_postgres-service1_5.log,1,75,75,1,1,1,NA,18500,37000,18500
